Chasing,Retreating
He,Ho
He,De
He,De
He,Ko
He,Ko
He,Ko
He,Ko
He,Ko
He,Ko
He,Ko
He,Ko
He,Ko
He,Ko
He,Re
He,Re
He,Re
He,Re
He,Re
He,Re
He,Re
He,Re
He,Re
He,Re
He,Re
He,Re
He,Re
He,Re
He,Re
He,Re
He,Re
He,Re
He,Re
He,Re
He,Re
He,Re
He,Re
He,Re
He,Re
He,Re
He,Re
He,Re
He,Re
He,Re
He,Re
He,Re
He,Re
He,Re
He,Re
He,Re
He,Re
He,Re
He,Re
He,Re
He,Re
He,Re
He,Re
He,Re
He,Re
He,Re
He,Re
He,Re
He,Re
He,Re
He,Re
He,Re
He,Re
He,Re
He,Re
He,Re
He,Re
He,Re
He,Re
He,Re
He,Re
He,Re
He,Re
He,Ki
He,Ki
He,Ki
He,Ki
He,Ki
He,Ki
He,Ki
He,Ki
Dz,Ho
Dz,Ho
Dz,De
Dz,De
Dz,De
Dz,Re
Dz,Re
Dz,Re
Dz,Re
Dz,Re
Dz,Re
Dz,Re
Dz,Re
Dz,Re
Dz,Re
Dz,Re
Dz,Re
Dz,Re
Dz,Re
Dz,Re
Dz,Re
Dz,Re
Dz,Re
Dz,Re
Dz,Re
Dz,Re
Dz,Re
Dz,Re
Dz,Re
Dz,Re
Dz,Re
Dz,Re
Dz,Re
Dz,Re
Dz,Re
Dz,Re
Dz,Re
Dz,Re
Dz,Re
Dz,Re
Dz,Re
Dz,Re
Dz,Re
Dz,Re
Dz,Re
Dz,Re
Dz,Re
Dz,Re
Dz,Re
Dz,Re
Dz,Re
Dz,Re
Dz,Re
Dz,Re
Dz,Re
Dz,Re
Dz,Re
Dz,Re
Dz,Re
Dz,Re
Dz,Re
Dz,Re
Dz,Re
Dz,Re
Dz,Re
Dz,Re
Dz,Re
Dz,Re
Dz,Re
Dz,Re
Dz,Re
Dz,Re
Dz,Re
Dz,Re
Dz,Re
Dz,Re
Dz,Re
Dz,Re
Dz,Re
Dz,Re
Dz,Re
Dz,Re
Dz,Re
Dz,Re
Dz,Re
Dz,Re
Dz,Re
Dz,Re
Dz,Re
Dz,Re
Dz,Re
Dz,Re
Dz,Re
Dz,Ki
Dz,Ki
Dz,Ki
Dz,Ki
Ho,De
Ho,De
Ho,De
Ho,De
Ho,Ko
Ho,Ko
Ho,Ko
Ho,Ko
Ho,Ko
Ho,Ko
Ho,Ko
Ho,Ko
Ho,Ko
Ho,Ko
Ho,Ko
Ho,Ko
Ho,Ko
Ho,Ko
Ho,Ko
Ho,Ko
Ho,Ko
Ho,Ko
Ho,Ko
Ho,Ko
Ho,Ko
Ho,Ko
Ho,Ko
Ho,Ko
Ho,Ko
Ho,Ko
Ho,Ko
Ho,Ko
Ho,Ko
Ho,Ko
Ho,Ko
Ho,Ko
Ho,Ko
Ho,Ko
Ho,Ko
Ho,Ko
Ho,Ko
Ho,Ko
Ho,Ko
Ho,Ko
Ho,Ko
Ho,Ko
Ho,Ko
Ho,Ko
Ho,Ko
Ho,Ko
Ho,Ko
Ho,Ko
Ho,Ko
Ho,Ko
Ho,Ko
Ho,Ko
Ho,Ko
Ho,Ko
Ho,Ko
Ho,Ko
Ho,Ko
Ho,Ko
Ho,Ko
Ho,Ko
Ho,Ko
Ho,Ko
Ho,Ko
Ho,Ko
Ho,Ko
Ho,Re
Ho,Re
Ho,Re
Ho,Re
Ho,Re
Ho,Re
Ho,Re
Ho,Re
Ho,Re
Ho,Re
Ho,Re
Ho,Re
Ho,Re
Ho,Re
Ho,Re
Ho,Re
Ho,Re
Ho,Re
Ho,Re
Ho,Re
Ho,Re
Ho,Re
Ho,Re
Ho,Re
Ho,Re
Ho,Re
Ho,Re
Ho,Re
Ho,Re
Ho,Re
Ho,Re
Ho,Re
Ho,Re
Ho,Re
Ho,Re
Ho,Re
Ho,Re
Ho,Re
Ho,Re
Ho,Re
Ho,Re
Ho,Re
Ho,Re
Ho,Re
Ho,Re
Ho,Re
Ho,Re
Ho,Re
Ho,Re
Ho,Re
Ho,Re
Ho,Re
Ho,Re
Ho,Re
Ho,Re
Ho,Re
Ho,Re
Ho,Re
Ho,Re
Ho,Re
Ho,Re
Ho,Re
Ho,Re
Ho,Re
Ho,Re
Ho,Re
Ho,Re
Ho,Re
Ho,Re
Ho,Re
Ho,Re
Ho,Re
Ho,Re
Ho,Re
Ho,Re
Ho,Re
Ho,Re
Ho,Re
Ho,Re
Ho,Re
Ho,Re
Ho,Re
Ho,Re
Ho,Re
Ho,Ki
Ho,Ki
Ho,Ki
De,Re
De,Re
De,Re
De,Re
De,Re
De,Re
De,Re
De,Re
De,Re
De,Re
De,Re
De,Re
De,Re
De,Re
De,Re
De,Re
De,Re
De,Re
De,Re
De,Re
De,Re
De,Re
De,Re
De,Re
De,Re
De,Re
De,Re
De,Re
De,Re
De,Re
De,Re
De,Re
De,Re
De,Re
De,Re
De,Re
De,Re
De,Re
De,Re
De,Re
De,Re
De,Re
De,Re
De,Re
De,Re
De,Re
De,Re
De,Re
De,Re
De,Re
De,Re
De,Re
De,Re
De,Re
De,Re
De,Re
De,Re
De,Re
De,Re
De,Re
De,Re
De,Re
De,Re
De,Re
De,Re
De,Re
De,Re
De,Re
De,Re
De,Re
De,Re
De,Re
De,Re
De,Re
De,Re
De,Re
De,Re
De,Re
De,Re
De,Re
De,Ki
De,Ki
De,Ki
De,Ki
De,Ki
De,Ki
De,Ki
De,Ki
De,Ki
De,Ki
Ko,Re
Ko,Re
Ko,Re
Ko,Re
Ko,Ki
Re,Dz
Re,Ho
Re,Ho
Re,Ho
Re,Ho
Re,Ho
Re,Ko
Re,Ko
Re,Ko
Re,Ko
Re,Ko
Re,Ko
Re,Ko
Re,Ko
Re,Ko
Re,Ko
Re,Ki
Re,Ki
Re,Ki
Re,Ki
Re,Ki
Re,Ki
Ki,Re
Ki,Re
